{
    "Side line left": [
        {
            "x": 0.0,
            "y": 0.5965277552604675
        },
        {
            "x": 1.0,
            "y": 0.5753055810928345
        }
    ],
    "Small rect. left bottom": [
        {
            "x": 0.08949999511241913,
            "y": 0.6007638573646545
        },
        {
            "x": 0.6754140853881836,
            "y": 0.7641249895095825
        }
    ],
    "Small rect. left main": [
        {
            "x": 0.6766093969345093,
            "y": 0.7641249895095825
        },
        {
            "x": 1.0,
            "y": 0.7556388974189758
        }
    ]
}