{
    "Big rect. left bottom": [
        {
            "x": 0.25178906321525574,
            "y": 0.5413750410079956
        },
        {
            "x": 1.0,
            "y": 0.5795555710792542
        }
    ],
    "Big rect. left main": [
        {
            "x": 0.0,
            "y": 0.6134999990463257
        },
        {
            "x": 0.24701562523841858,
            "y": 0.5477361083030701
        }
    ],
    "Small rect. left main": [
        {
            "x": 0.5143203139305115,
            "y": 1.0
        },
        {
            "x": 1.0,
            "y": 0.7471528053283691
        }
    ]
}