{
    "Line unknown": [
        {
            "x": 0.012688126337629762,
            "y": 0.8866901763624752
        },
        {
            "x": 0.012990040568421702,
            "y": 0.8314063261019056
        },
        {
            "x": 0.9879806558419862,
            "y": 0.8811446809285124
        }
    ]
}