{
    "Small rect. right bottom": [
        {
            "x": 0.0,
            "y": 0.6113055944442749
        },
        {
            "x": 0.08476562798023224,
            "y": 0.6034444570541382
        }
    ],
    "Small rect. right main": [
        {
            "x": 0.08606250584125519,
            "y": 0.6027083396911621
        },
        {
            "x": 1.0,
            "y": 0.6388333439826965
        }
    ],
    "Side line right": [
        {
            "x": 0.0,
            "y": 0.6636388897895813
        },
        {
            "x": 1.0,
            "y": 0.7787777185440063
        }
    ]
}