{
    "Line unknown": [
        {
            "x": 0.190046875,
            "y": 0.007125
        },
        {
            "x": 0.9981517558767213,
            "y": 0.16445691988867028
        },
        {
            "x": 0.7175625,
            "y": 0.22279166666666667
        },
        {
            "x": 0.7236953125000001,
            "y": 0.22479166666666667
        }
    ]
}