{
    "Line unknown": [
        {
            "x": 0.9964389963717085,
            "y": 0.16377097883341224
        },
        {
            "x": 0.19951078211888762,
            "y": 0.010865020141585267
        },
        {
            "x": 0.7270932909954096,
            "y": 0.2223691439318034
        }
    ]
}