{
    "Small rect. left main": [
        {
            "x": 0.0,
            "y": 0.7487361431121826
        },
        {
            "x": 0.43849220871925354,
            "y": 0.7175138592720032
        }
    ],
    "Big rect. left bottom": [
        {
            "x": 0.0,
            "y": 0.9601527452468872
        },
        {
            "x": 0.08242187649011612,
            "y": 0.9584027528762817
        }
    ],
    "Big rect. left main": [
        {
            "x": 1.0,
            "y": 0.8219583034515381
        },
        {
            "x": 0.08275000005960464,
            "y": 0.9584027528762817
        }
    ]
}